{
  "name": "funchat",
  "displayName": "Funchat",
  "description": "Takes text input and runs a Python function to count its length.",
  "version": "0.0.1",
  "engines": {
    "vscode": "^1.85.0"
  },
  "categories": [
    "Other"
  ],
  "activationEvents": [
    "onCommand:funchat.helloWorld"
  ],
  "main": "./out/extension.js",
  "contributes": {
    "commands": [
      {
        "command": "funchat.helloWorld",
        "title": "Count Text Length"
      }
    ]
  },
  "scripts": {
    "vscode:prepublish": "npm run compile",
    "compile": "tsc -p ./",
    "watch": "tsc -watch -p ./",
    "pretest": "npm run compile && npm run lint",
    "lint": "eslint src --ext ts",
    "test": "vscode-test"
  },
  "devDependencies": {
    "@types/vscode": "^1.85.0",
    "@types/mocha": "^10.0.6",
    "@types/node": "18.x",
    "@typescript-eslint/eslint-plugin": "^7.10.0",
    "@typescript-eslint/parser": "^7.10.0",
    "eslint": "^8.57.0",
    "typescript": "^5.4.5",
    "@vscode/test-cli": "^0.0.9",
    "@vscode/test-electron": "^2.4.0"
  }
}
