{
  "name": "funchat",
  "displayName": "Funchat",
  "description": "A chat participant that counts the length of your text using Python.",
  "version": "0.0.1",
  "publisher": "your-publisher-name",
  "engines": {
    "vscode": "^1.85.0"
  },
  "categories": [
    "Chat"
  ],
  "activationEvents": [
    "onChatParticipant:funchat.participant"
  ],
  "main": "./out/extension.js",
  "contributes": {
    "chatParticipants": [
      {
        "id": "funchat.participant",
        "name": "funchat",
        "description": "Counts the length of the provided text using Python."
      }
    ]
  },
  "scripts": {
    "vscode:prepublish": "npm run compile",
    "compile": "tsc -p ./",
    "watch": "tsc -watch -p ./",
    "pretest": "npm run compile && npm run lint",
    "lint": "eslint src --ext ts",
    "test": "vscode-test"
  },
  "devDependencies": {
    "@types/vscode": "^1.85.0",
    "@types/mocha": "^10.0.6",
    "@types/node": "18.x",
    "@typescript-eslint/eslint-plugin": "^7.10.0",
    "@typescript-eslint/parser": "^7.10.0",
    "eslint": "^8.57.0",
    "typescript": "^5.4.5",
    "@vscode/test-cli": "^0.0.9",
    "@vscode/test-electron": "^2.4.0"
  }
}
